[
	{
		"EventID":"1",
		"EventName":"Murder Mystery Weekend",
		"Days":"2",
		"RegistrationFee":"600"
	},
	{
		"EventID":"2",
		"EventName":"CSI Weekend",
		"Days":"3",
		"RegistrationFee":"1000"
	},
	{
		"EventID":"3",
		"EventName":"The Great Outdoors",
		"Days":"4",
		"RegistrationFee":"1500"
	},
	{
		"EventID":"4",
		"EventName":"The Chase",
		"Days":"6",
		"RegistrationFee":"1800"
	},
	{
		"EventID":"5",
		"EventName":"Digital Refresh",
		"Days":"2",
		"RegistrationFee":"599"
	},
	{
		"EventID":"6",
		"EventName":"Action Photography",
		"Days":"5",
		"RegistrationFee":"999"
	},
	{
		"EventID":"7",
		"EventName":"Team Ryder Cup",
		"Days":"3",
		"RegistrationFee":"619"
	},
	{
		"EventID":"8",
		"EventName":"Abseiling",
		"Days":"2",
		"RegistrationFee":"499"
	},
	{
		"EventID":"9",
		"EventName":"War Games",
		"Days":"6",
		"RegistrationFee":"1999"
	},
	{
		"EventID":"10",
		"EventName":"Find Walley",
		"Days":"5",
		"RegistrationFee":"799"
	}
]