[
	{
		"EventID":"1",
		"Full":"99",
		"Half":"75",
		"Breakfast":"24",
		"NoMeal":"0"
	},
	{
		"EventID":"2",
		"Full":"149",
		"Half":"113",
		"Breakfast":"36",
		"NoMeal":"0"
	},
	{
		"EventID":"3",
		"Full":"198",
		"Half":"150",
		"Breakfast":"48",
		"NoMeal":"0"
	},
	{
		"EventID":"4",
		"Full":"297",
		"Half":"225",
		"Breakfast":"72",
		"NoMeal":"0"
	},
	{
		"EventID":"5",
		"Full":"99",
		"Half":"75",
		"Breakfast":"24",
		"NoMeal":"0"
	},
	{
		"EventID":"6",
		"Full":"248",
		"Half":"188",
		"Breakfast":"60",
		"NoMeal":"0"
	},
	{
		"EventID":"7",
		"Full":"149",
		"Half":"113",
		"Breakfast":"36",
		"NoMeal":"0"
	},
	{
		"EventID":"8",
		"Full":"99",
		"Half":"75",
		"Breakfast":"24",
		"NoMeal":"0"
	},
	{
		"EventID":"9",
		"Full":"297",
		"Half":"225",
		"Breakfast":"72",
		"NoMeal":"0"
	},
	{
		"EventID":"10",
		"Full":"248",
		"Half":"188",
		"Breakfast":"60",
		"NoMeal":"0"
	}
]