[
	{
		"EventID":"1",
		"EventName":"Murder Mystery Weekend",
		"LocationInfo":[
			{
				"LocationID":"1",
				"Location":"Cork",
				"Price":"1100"
			},
			{
				"LocationID":"2",
				"Location":"Dublin",
				"Price":"930"
			},
			{
				"LocationID":"3",
				"Location":"Galway",
				"Price":"1050"
			},
			{
				"LocationID":"4",
				"Location":"Belmullet",
				"Price":"1210"
			},
			{
				"LocationID":"5",
				"Location":"Belfast",
				"Price":"790"
			}
		]
	},
	{
		"EventID":"2",
		"EventName":"CSI Weekend",
		"LocationInfo":[
			{
				"LocationID":"1",
				"Location":"Cork",
				"Price":"1750"
			},
			{
				"LocationID":"2",
				"Location":"Dublin",
				"Price":"1495"
			},
			{
				"LocationID":"3",
				"Location":"Galway",
				"Price":"1675"
			},
			{
				"LocationID":"4",
				"Location":"Belmullet",
				"Price":"1915"
			},
			{
				"LocationID":"5",
				"Location":"Belfast",
				"Price":"1285"
			}
		]
	},
	{
		"EventID":"3",
		"EventName":"The Great Outdoor",
		"LocationInfo":[
			{
				"LocationID":"1",
				"Location":"Cork",
				"Price":"2500"
			},
			{
				"LocationID":"2",
				"Location":"Dublin",
				"Price":"2160"
			},
			{
				"LocationID":"3",
				"Location":"Galway",
				"Price":"2400"
			},
			{
				"LocationID":"4",
				"Location":"Belmullet",
				"Price":"2720"
			},
			{
				"LocationID":"5",
				"Location":"Belfast",
				"Price":"1880"
			}
		]
	},
	{
		"EventID":"4",
		"EventName":"The Chase",
		"LocationInfo":[
			{
				"LocationID":"1",
				"Location":"Cork",
				"Price":"3300"
			},
			{
				"LocationID":"2",
				"Location":"Dublin",
				"Price":"2790"
			},
			{
				"LocationID":"3",
				"Location":"Galway",
				"Price":"3150"
			},
			{
				"LocationID":"4",
				"Location":"Belmullet",
				"Price":"3630"
			},
			{
				"LocationID":"5",
				"Location":"Belfast",
				"Price":"2730"
			}
		]
	},
	{
		"EventID":"5",
		"EventName":"Digital Refresh",
		"LocationInfo":[
			{
				"LocationID":"1",
				"Location":"Cork",
				"Price":"1099"
			},
			{
				"LocationID":"2",
				"Location":"Dublin",
				"Price":"929"
			},
			{
				"LocationID":"3",
				"Location":"Galway",
				"Price":"1049"
			},
			{
				"LocationID":"4",
				"Location":"Belmullet",
				"Price":"1209"
			},
			{
				"LocationID":"5",
				"Location":"Belfast",
				"Price":"789"
			}
		]
	},
	{
		"EventID":"6",
		"EventName":"Action Photography",
		"LocationInfo":[
			{
				"LocationID":"1",
				"Location":"Cork",
				"Price":"2249"
			},
			{
				"LocationID":"2",
				"Location":"Dublin",
				"Price":"1824"
			},
			{
				"LocationID":"3",
				"Location":"Galway",
				"Price":"2124"
			},
			{
				"LocationID":"4",
				"Location":"Belmullet",
				"Price":"2524"
			},
			{
				"LocationID":"5",
				"Location":"Belfast",
				"Price":"1474"
			}
		]
	},
	{
		"EventID":"7",
		"EventName":"Team Ryder Cup",
		"LocationInfo":[
			{
				"LocationID":"1",
				"Location":"Cork",
				"Price":"1369"
			},
			{
				"LocationID":"2",
				"Location":"Dublin",
				"Price":"1114"
			},
			{
				"LocationID":"3",
				"Location":"Galway",
				"Price":"1294"
			},
			{
				"LocationID":"4",
				"Location":"Belmullet",
				"Price":"1534"
			},
			{
				"LocationID":"5",
				"Location":"Belfast",
				"Price":"904"
			}
		]
	},
	{
		"EventID":"8",
		"EventName":"Abseiling",
		"LocationInfo":[
			{
				"LocationID":"1",
				"Location":"Cork",
				"Price":"999"
			},
			{
				"LocationID":"2",
				"Location":"Dublin",
				"Price":"829"
			},
			{
				"LocationID":"3",
				"Location":"Galway",
				"Price":"949"
			},
			{
				"LocationID":"4",
				"Location":"Belmullet",
				"Price":"1109"
			},
			{
				"LocationID":"5",
				"Location":"Belfast",
				"Price":"689"
			}
		]
	},
	{
		"EventID":"9",
		"EventName":"War Games",
		"LocationInfo":[
			{
				"LocationID":"1",
				"Location":"Cork",
				"Price":"3499"
			},
			{
				"LocationID":"2",
				"Location":"Dublin",
				"Price":"2989"
			},
			{
				"LocationID":"3",
				"Location":"Galway",
				"Price":"3349"
			},
			{
				"LocationID":"4",
				"Location":"Belmullet",
				"Price":"3829"
			},
			{
				"LocationID":"5",
				"Location":"Belfast",
				"Price":"2569"
			}
		]
	},
	{
		"EventID":"10",
		"EventName":"Find Wally",
		"LocationInfo":[
			{
				"LocationID":"1",
				"Location":"Cork",
				"Price":"2049"
			},
			{
				"LocationID":"2",
				"Location":"Dublin",
				"Price":"1624"
			},
			{
				"LocationID":"3",
				"Location":"Galway",
				"Price":"1924"
			},
			{
				"LocationID":"4",
				"Location":"Belmullet",
				"Price":"2324"
			},
			{
				"LocationID":"5",
				"Location":"Belfast",
				"Price":"1274"
			}
		]
	}
]