[
	{
		"EventID":"1",
		"EventName":"Murder Mystery Weekend",
		"LocationInfo":[
			{
				"LocationID":"1",
				"Location":"Cork",
				"Availability":"35"
			},
			{
				"LocationID":"2",
				"Location":"Dublin",
				"Availability":"67"
			},
			{
				"LocationID":"3",
				"Location":"Galway",
				"Availability":"12"
			},
			{
				"LocationID":"4",
				"Location":"Belmullet",
				"Availability":"77"
			},
			{
				"LocationID":"5",
				"Location":"Belfast",
				"Availability":"32"
			}
		]
	},
	{
		"EventID":"2",
		"EventName":"CSI Weekend",
		"LocationInfo":[
			{
				"LocationID":"1",
				"Location":"Cork",
				"Availability":"28"
			},
			{
				"LocationID":"2",
				"Location":"Dublin",
				"Availability":"3"
			},
			{
				"LocationID":"3",
				"Location":"Galway",
				"Availability":"34"
			},
			{
				"LocationID":"4",
				"Location":"Belmullet",
				"Availability":"12"
			},
			{
				"LocationID":"5",
				"Location":"Belfast",
				"Availability":"7"
			}
		]
	},
	{
		"EventID":"3",
		"EventName":"The Great Outdoors",
		"LocationInfo":[
			{
				"LocationID":"1",
				"Location":"Cork",
				"Availability":"23"
			},
			{
				"LocationID":"2",
				"Location":"Dublin",
				"Availability":"2"
			},
			{
				"LocationID":"3",
				"Location":"Galway",
				"Availability":"6"
			},
			{
				"LocationID":"4",
				"Location":"Belmullet",
				"Availability":"4"
			},
			{
				"LocationID":"5",
				"Location":"Belfast",
				"Availability":"3"
			}
		]
	},
	{
		"EventID":"4",
		"EventName":"The Chase",
		"LocationInfo":[
			{
				"LocationID":"1",
				"Location":"Cork",
				"Availability":"12"
			},
			{
				"LocationID":"2",
				"Location":"Dublin",
				"Availability":"6"
			},
			{
				"LocationID":"3",
				"Location":"Galway",
				"Availability":"9"
			},
			{
				"LocationID":"4",
				"Location":"Belmullet",
				"Availability":"4"
			},
			{
				"LocationID":"5",
				"Location":"Belfast",
				"Availability":"6"
			}
		]
	},
	{
		"EventID":"5",
		"EventName":"Digital Refersh",
		"LocationInfo":[
			{
				"LocationID":"1",
				"Location":"Cork",
				"Availability":"2"
			},
			{
				"LocationID":"2",
				"Location":"Dublin",
				"Availability":"0"
			},
			{
				"LocationID":"3",
				"Location":"Galway",
				"Availability":"7"
			},
			{
				"LocationID":"4",
				"Location":"Belmullet",
				"Availability":"5"
			},
			{
				"LocationID":"5",
				"Location":"Belfast",
				"Availability":"8"
			}
		]
	},
	{
		"EventID":"6",
		"EventName":"Action Photography",
		"LocationInfo":[
			{
				"LocationID":"1",
				"Location":"Cork",
				"Availability":"1"
			},
			{
				"LocationID":"2",
				"Location":"Dublin",
				"Availability":"8"
			},
			{
				"LocationID":"3",
				"Location":"Galway",
				"Availability":"4"
			},
			{
				"LocationID":"4",
				"Location":"Belmullet",
				"Availability":"7"
			},
			{
				"LocationID":"5",
				"Location":"Belfast",
				"Availability":"4"
			}
		]
	},
	{
		"EventID":"7",
		"EventName":"Team Ryder Cup",
		"LocationInfo":[
			{
				"LocationID":"1",
				"Location":"Cork",
				"Availability":"16"
			},
			{
				"LocationID":"2",
				"Location":"Dublin",
				"Availability":"24"
			},
			{
				"LocationID":"3",
				"Location":"Galway",
				"Availability":"40"
			},
			{
				"LocationID":"4",
				"Location":"Belmullet",
				"Availability":"4"
			},
			{
				"LocationID":"5",
				"Location":"Belfast",
				"Availability":"12"
			}
		]
	},
	{
		"EventID":"8",
		"EventName":"Abseiling",
		"LocationInfo":[
			{
				"LocationID":"1",
				"Location":"Cork",
				"Availability":"3"
			},
			{
				"LocationID":"2",
				"Location":"Dublin",
				"Availability":"7"
			},
			{
				"LocationID":"3",
				"Location":"Galway",
				"Availability":"45"
			},
			{
				"LocationID":"4",
				"Location":"Belmullet",
				"Availability":"3"
			},
			{
				"LocationID":"5",
				"Location":"Belfast",
				"Availability":"3"
			}
		]
	},
	{
		"EventID":"9",
		"EventName":"War Games",
		"LocationInfo":[
			{
				"LocationID":"1",
				"Location":"Cork",
				"Availability":"45"
			},
			{
				"LocationID":"2",
				"Location":"Dublin",
				"Availability":"12"
			},
			{
				"LocationID":"3",
				"Location":"Galway",
				"Availability":"56"
			},
			{
				"LocationID":"4",
				"Location":"Belmullet",
				"Availability":"12"
			},
			{
				"LocationID":"5",
				"Location":"Belfast",
				"Availability":"23"
			}
		]
	},
	{
		"EventID":"10",
		"EventName":"Find Walley",
		"LocationInfo":[
			{
				"LocationID":"1",
				"Location":"Cork",
				"Availability":"0"
			},
			{
				"LocationID":"2",
				"Location":"Dublin",
				"Availability":"0"
			},
			{
				"LocationID":"3",
				"Location":"Galway",
				"Availability":"3"
			},
			{
				"LocationID":"4",
				"Location":"Belmullet",
				"Availability":"0"
			},
			{
				"LocationID":"5",
				"Location":"Belfast",
				"Availability":"0"
			}
		]
	}
]